,postal_code,data_df1,Children in each neighbor,Children Points,data_df2,Single parents,Single parents Points,Unnamed: 0,data,After-tax Income,After-tax Income Rank Score,Unnamed: 0_df4,data_df4,Number of bachlors degreess,Education Score,Unnamed: 0_df5,data_df5,value,Score,mobility_score,final score
67,M5V,2021A0011M5V - Children - Counts - Total,5705.0,29.0,2021A0011M5V - Total one-parent families - Counts - Total,1340.0,45.0,66.0,2021A0011M5V - Median after-tax income in 2020 among recipients ($) - Counts - Total,54000.0,92.0,66.0,2021A0011M5V - Bachelor's degree or higher - Counts - Total,39245.0,95.0,68,2021A0011M5V - Non-movers - Counts - Total,37820.0,84,84,80.45
3,M2N,2021A0011M2N - Children - Counts - Total,17785.0,93.0,2021A0011M2N - Total one-parent families - Counts - Total,3355.0,90.0,22.0,2021A0011M2N - Median after-tax income in 2020 among recipients ($) - Counts - Total,36400.0,47.0,22.0,2021A0011M2N - Bachelor's degree or higher - Counts - Total,39350.0,96.0,22,2021A0011M2N - Non-movers - Counts - Total,59225.0,95,95,78.0
32,M6S,2021A0011M6S - Children - Counts - Total,10095.0,64.0,2021A0011M6S - Total one-parent families - Counts - Total,1500.0,50.0,80.0,2021A0011M6S - Median after-tax income in 2020 among recipients ($) - Counts - Total,49200.0,83.0,80.0,2021A0011M6S - Bachelor's degree or higher - Counts - Total,15230.0,85.0,84,2021A0011M6S - Non-movers - Counts - Total,30465.0,62,62,77.1
35,M6P,2021A0011M6P - Children - Counts - Total,9180.0,61.0,2021A0011M6P - Total one-parent families - Counts - Total,1660.0,56.0,78.0,2021A0011M6P - Median after-tax income in 2020 among recipients ($) - Counts - Total,42800.0,71.0,78.0,2021A0011M6P - Bachelor's degree or higher - Counts - Total,18145.0,91.0,82,2021A0011M6P - Non-movers - Counts - Total,33125.0,74,74,76.05
38,M8V,2021A0011M8V - Children - Counts - Total,8915.0,58.0,2021A0011M8V - Total one-parent families - Counts - Total,2120.0,73.0,81.0,2021A0011M8V - Median after-tax income in 2020 among recipients ($) - Counts - Total,40800.0,64.0,81.0,2021A0011M8V - Bachelor's degree or higher - Counts - Total,17070.0,89.0,88,2021A0011M8V - Non-movers - Counts - Total,36260.0,78,78,73.7
39,M5A,2021A0011M5A - Children - Counts - Total,8745.0,57.0,2021A0011M5A - Total one-parent families - Counts - Total,2395.0,79.0,53.0,2021A0011M5A - Median after-tax income in 2020 among recipients ($) - Counts - Total,39200.0,58.0,53.0,2021A0011M5A - Bachelor's degree or higher - Counts - Total,21690.0,93.0,53,2021A0011M5A - Non-movers - Counts - Total,36815.0,80,80,73.35
2,M2J,2021A0011M2J - Children - Counts - Total,17845.0,94.0,2021A0011M2J - Total one-parent families - Counts - Total,3295.0,89.0,18.0,2021A0011M2J - Median after-tax income in 2020 among recipients ($) - Counts - Total,33200.0,35.0,18.0,2021A0011M2J - Bachelor's degree or higher - Counts - Total,24985.0,94.0,18,2021A0011M2J - Non-movers - Counts - Total,51585.0,93,93,73.0
13,M4C,2021A0011M4C - Children - Counts - Total,13715.0,83.0,2021A0011M4C - Total one-parent families - Counts - Total,2460.0,80.0,36.0,2021A0011M4C - Median after-tax income in 2020 among recipients ($) - Counts - Total,36400.0,47.0,36.0,2021A0011M4C - Bachelor's degree or higher - Counts - Total,15735.0,87.0,36,2021A0011M4C - Non-movers - Counts - Total,40330.0,87,87,72.05
34,M5M,2021A0011M5M - Children - Counts - Total,9265.0,62.0,2021A0011M5M - Total one-parent families - Counts - Total,855.0,29.0,60.0,2021A0011M5M - Median after-tax income in 2020 among recipients ($) - Counts - Total,52400.0,88.0,60.0,2021A0011M5M - Bachelor's degree or higher - Counts - Total,12470.0,72.0,62,2021A0011M5M - Non-movers - Counts - Total,23500.0,50,50,71.75
29,M9A,2021A0011M9A - Children - Counts - Total,10185.0,67.0,2021A0011M9A - Total one-parent families - Counts - Total,1825.0,62.0,86.0,2021A0011M9A - Median after-tax income in 2020 among recipients ($) - Counts - Total,41200.0,65.0,86.0,2021A0011M9A - Bachelor's degree or higher - Counts - Total,14425.0,83.0,93,2021A0011M9A - Non-movers - Counts - Total,31220.0,66,66,71.54999999999998
58,M4S,2021A0011M4S - Children - Counts - Total,6360.0,38.0,2021A0011M4S - Total one-parent families - Counts - Total,1055.0,34.0,47.0,2021A0011M4S - Median after-tax income in 2020 among recipients ($) - Counts - Total,47600.0,80.0,47.0,2021A0011M4S - Bachelor's degree or higher - Counts - Total,16940.0,88.0,47,2021A0011M4S - Non-movers - Counts - Total,23100.0,49,49,71.1
33,M4L,2021A0011M4L - Children - Counts - Total,9330.0,63.0,2021A0011M4L - Total one-parent families - Counts - Total,1515.0,51.0,42.0,2021A0011M4L - Median after-tax income in 2020 among recipients ($) - Counts - Total,45200.0,77.0,42.0,2021A0011M4L - Bachelor's degree or higher - Counts - Total,12225.0,69.0,42,2021A0011M4L - Non-movers - Counts - Total,27945.0,60,60,69.1
31,M6H,2021A0011M6H - Children - Counts - Total,10100.0,65.0,2021A0011M6H - Total one-parent families - Counts - Total,1980.0,66.0,72.0,2021A0011M6H - Median after-tax income in 2020 among recipients ($) - Counts - Total,36400.0,47.0,72.0,2021A0011M6H - Bachelor's degree or higher - Counts - Total,15515.0,86.0,76,2021A0011M6H - Non-movers - Counts - Total,36890.0,81,81,67.69999999999999
17,M3H,2021A0011M3H - Children - Counts - Total,12305.0,79.0,2021A0011M3H - Total one-parent families - Counts - Total,1995.0,68.0,28.0,2021A0011M3H - Median after-tax income in 2020 among recipients ($) - Counts - Total,36800.0,48.0,28.0,2021A0011M3H - Bachelor's degree or higher - Counts - Total,13965.0,80.0,28,2021A0011M3H - Non-movers - Counts - Total,32995.0,72,72,67.25
27,M9B,2021A0011M9B - Children - Counts - Total,10625.0,69.0,2021A0011M9B - Total one-parent families - Counts - Total,1555.0,53.0,87.0,2021A0011M9B - Median after-tax income in 2020 among recipients ($) - Counts - Total,42000.0,68.0,87.0,2021A0011M9B - Bachelor's degree or higher - Counts - Total,12120.0,68.0,94,2021A0011M9B - Non-movers - Counts - Total,30040.0,61,61,66.69999999999999
21,M9C,2021A0011M9C - Children - Counts - Total,11760.0,75.0,2021A0011M9C - Total one-parent families - Counts - Total,2185.0,74.0,88.0,2021A0011M9C - Median after-tax income in 2020 among recipients ($) - Counts - Total,39200.0,58.0,88.0,2021A0011M9C - Bachelor's degree or higher - Counts - Total,11905.0,67.0,95,2021A0011M9C - Non-movers - Counts - Total,34455.0,76,76,66.3
56,M6K,2021A0011M6K - Children - Counts - Total,6745.0,40.0,2021A0011M6K - Total one-parent families - Counts - Total,1710.0,59.0,74.0,2021A0011M6K - Median after-tax income in 2020 among recipients ($) - Counts - Total,38800.0,52.0,74.0,2021A0011M6K - Bachelor's degree or higher - Counts - Total,17215.0,90.0,78,2021A0011M6K - Non-movers - Counts - Total,31465.0,68,68,65.44999999999999
28,M4J,2021A0011M4J - Children - Counts - Total,10620.0,68.0,2021A0011M4J - Total one-parent families - Counts - Total,1795.0,61.0,40.0,2021A0011M4J - Median after-tax income in 2020 among recipients ($) - Counts - Total,39200.0,58.0,40.0,2021A0011M4J - Bachelor's degree or higher - Counts - Total,12370.0,71.0,40,2021A0011M4J - Non-movers - Counts - Total,31695.0,69,69,65.3
47,M4E,2021A0011M4E - Children - Counts - Total,7635.0,49.0,2021A0011M4E - Total one-parent families - Counts - Total,1080.0,36.0,37.0,2021A0011M4E - Median after-tax income in 2020 among recipients ($) - Counts - Total,48800.0,82.0,37.0,2021A0011M4E - Bachelor's degree or higher - Counts - Total,11150.0,64.0,37,2021A0011M4E - Non-movers - Counts - Total,22775.0,46,46,64.85
16,M1C,2021A0011M1C - Children - Counts - Total,12380.0,80.0,2021A0011M1C - Total one-parent families - Counts - Total,1595.0,54.0,1.0,2021A0011M1C - Median after-tax income in 2020 among recipients ($) - Counts - Total,39600.0,59.0,1.0,2021A0011M1C - Bachelor's degree or higher - Counts - Total,11150.0,64.0,1,2021A0011M1C - Non-movers - Counts - Total,32690.0,70,70,64.75
78,M5R,2021A0011M5R - Children - Counts - Total,3865.0,18.0,2021A0011M5R - Total one-parent families - Counts - Total,735.0,23.0,63.0,2021A0011M5R - Median after-tax income in 2020 among recipients ($) - Counts - Total,46400.0,79.0,63.0,2021A0011M5R - Bachelor's degree or higher - Counts - Total,14920.0,84.0,65,2021A0011M5R - Non-movers - Counts - Total,20080.0,38,38,64.7
63,M6J,2021A0011M6J - Children - Counts - Total,5910.0,33.0,2021A0011M6J - Total one-parent families - Counts - Total,1295.0,43.0,73.0,2021A0011M6J - Median after-tax income in 2020 among recipients ($) - Counts - Total,41600.0,67.0,73.0,2021A0011M6J - Bachelor's degree or higher - Counts - Total,14095.0,81.0,77,2021A0011M6J - Non-movers - Counts - Total,25350.0,55,55,64.39999999999999
0,M1B,2021A0011M1B - Children - Counts - Total,24745.0,96.0,2021A0011M1B - Total one-parent families - Counts - Total,4590.0,96.0,0.0,2021A0011M1B - Median after-tax income in 2020 among recipients ($) - Counts - Total,31600.0,19.0,0.0,2021A0011M1B - Bachelor's degree or higher - Counts - Total,14160.0,82.0,0,2021A0011M1B - Non-movers - Counts - Total,59145.0,94,94,63.949999999999996
43,M4K,2021A0011M4K - Children - Counts - Total,8080.0,53.0,2021A0011M4K - Total one-parent families - Counts - Total,1430.0,47.0,41.0,2021A0011M4K - Median after-tax income in 2020 among recipients ($) - Counts - Total,40400.0,61.0,41.0,2021A0011M4K - Bachelor's degree or higher - Counts - Total,12900.0,73.0,41,2021A0011M4K - Non-movers - Counts - Total,27360.0,58,58,63.0
51,M6G,2021A0011M6G - Children - Counts - Total,7135.0,45.0,2021A0011M6G - Total one-parent families - Counts - Total,1315.0,44.0,71.0,2021A0011M6G - Median after-tax income in 2020 among recipients ($) - Counts - Total,39200.0,58.0,71.0,2021A0011M6G - Bachelor's degree or higher - Counts - Total,13140.0,76.0,75,2021A0011M6G - Non-movers - Counts - Total,25170.0,53,53,61.14999999999999
84,M4Y,2021A0011M4Y - Children - Counts - Total,2845.0,12.0,2021A0011M4Y - Total one-parent families - Counts - Total,780.0,26.0,52.0,2021A0011M4Y - Median after-tax income in 2020 among recipients ($) - Counts - Total,39200.0,58.0,52.0,2021A0011M4Y - Bachelor's degree or higher - Counts - Total,20815.0,92.0,52,2021A0011M4Y - Non-movers - Counts - Total,24135.0,52,52,60.8
4,M1E,2021A0011M1E - Children - Counts - Total,16850.0,92.0,2021A0011M1E - Total one-parent families - Counts - Total,3520.0,92.0,2.0,2021A0011M1E - Median after-tax income in 2020 among recipients ($) - Counts - Total,32800.0,33.0,2.0,2021A0011M1E - Bachelor's degree or higher - Counts - Total,11120.0,62.0,2,2021A0011M1E - Non-movers - Counts - Total,42740.0,89,89,60.54999999999999
15,M3C,2021A0011M3C - Children - Counts - Total,12510.0,81.0,2021A0011M3C - Total one-parent families - Counts - Total,2340.0,76.0,27.0,2021A0011M3C - Median after-tax income in 2020 among recipients ($) - Counts - Total,32800.0,33.0,27.0,2021A0011M3C - Bachelor's degree or higher - Counts - Total,12370.0,71.0,27,2021A0011M3C - Non-movers - Counts - Total,34455.0,76,76,59.949999999999996
60,M4G,2021A0011M4G - Children - Counts - Total,6180.0,36.0,2021A0011M4G - Total one-parent families - Counts - Total,705.0,22.0,38.0,2021A0011M4G - Median after-tax income in 2020 among recipients ($) - Counts - Total,54000.0,92.0,38.0,2021A0011M4G - Bachelor's degree or higher - Counts - Total,9715.0,52.0,38,2021A0011M4G - Non-movers - Counts - Total,17440.0,30,30,59.89999999999999
80,M4V,2021A0011M4V - Children - Counts - Total,3635.0,16.0,2021A0011M4V - Total one-parent families - Counts - Total,635.0,18.0,49.0,2021A0011M4V - Median after-tax income in 2020 among recipients ($) - Counts - Total,52800.0,89.0,49.0,2021A0011M4V - Bachelor's degree or higher - Counts - Total,10760.0,61.0,49,2021A0011M4V - Non-movers - Counts - Total,15910.0,23,23,58.099999999999994
75,M4P,2021A0011M4P - Children - Counts - Total,4505.0,21.0,2021A0011M4P - Total one-parent families - Counts - Total,1030.0,31.0,45.0,2021A0011M4P - Median after-tax income in 2020 among recipients ($) - Counts - Total,42400.0,69.0,45.0,2021A0011M4P - Bachelor's degree or higher - Counts - Total,13115.0,74.0,45,2021A0011M4P - Non-movers - Counts - Total,18420.0,33,33,58.05
91,M5J,2021A0011M5J - Children - Counts - Total,1775.0,5.0,2021A0011M5J - Total one-parent families - Counts - Total,365.0,8.0,59.0,2021A0011M5J - Median after-tax income in 2020 among recipients ($) - Counts - Total,54000.0,92.0,59.0,2021A0011M5J - Bachelor's degree or higher - Counts - Total,11410.0,65.0,59,2021A0011M5J - Non-movers - Counts - Total,11065.0,14,14,57.49999999999999
19,M2R,2021A0011M2R - Children - Counts - Total,12060.0,77.0,2021A0011M2R - Total one-parent families - Counts - Total,2535.0,82.0,24.0,2021A0011M2R - Median after-tax income in 2020 among recipients ($) - Counts - Total,31400.0,16.0,24.0,2021A0011M2R - Bachelor's degree or higher - Counts - Total,13725.0,79.0,24,2021A0011M2R - Non-movers - Counts - Total,35515.0,77,77,56.6
72,M5P,2021A0011M5P - Children - Counts - Total,4715.0,24.0,2021A0011M5P - Total one-parent families - Counts - Total,695.0,21.0,62.0,2021A0011M5P - Median after-tax income in 2020 among recipients ($) - Counts - Total,48800.0,82.0,62.0,2021A0011M5P - Bachelor's degree or higher - Counts - Total,10595.0,58.0,64,2021A0011M5P - Non-movers - Counts - Total,17140.0,29,29,56.55
8,M1W,2021A0011M1W - Children - Counts - Total,14840.0,88.0,2021A0011M1W - Total one-parent families - Counts - Total,2910.0,85.0,15.0,2021A0011M1W - Median after-tax income in 2020 among recipients ($) - Counts - Total,29600.0,8.0,15.0,2021A0011M1W - Bachelor's degree or higher - Counts - Total,13180.0,77.0,15,2021A0011M1W - Non-movers - Counts - Total,42150.0,88,88,56.0
62,M4M,2021A0011M4M - Children - Counts - Total,5915.0,34.0,2021A0011M4M - Total one-parent families - Counts - Total,1190.0,39.0,43.0,2021A0011M4M - Median after-tax income in 2020 among recipients ($) - Counts - Total,43600.0,72.0,43.0,2021A0011M4M - Bachelor's degree or higher - Counts - Total,10395.0,56.0,43,2021A0011M4M - Non-movers - Counts - Total,20615.0,40,40,55.849999999999994
22,M3A,2021A0011M3A - Children - Counts - Total,11750.0,74.0,2021A0011M3A - Total one-parent families - Counts - Total,2525.0,81.0,25.0,2021A0011M3A - Median after-tax income in 2020 among recipients ($) - Counts - Total,34400.0,40.0,25.0,2021A0011M3A - Bachelor's degree or higher - Counts - Total,10585.0,57.0,25,2021A0011M3A - Non-movers - Counts - Total,30820.0,64,64,55.49999999999999
66,M2K,2021A0011M2K - Children - Counts - Total,5745.0,30.0,2021A0011M2K - Total one-parent families - Counts - Total,1125.0,37.0,19.0,2021A0011M2K - Median after-tax income in 2020 among recipients ($) - Counts - Total,38400.0,51.0,19.0,2021A0011M2K - Bachelor's degree or higher - Counts - Total,13120.0,75.0,19,2021A0011M2K - Non-movers - Counts - Total,19930.0,37,37,54.15
10,M1P,2021A0011M1P - Children - Counts - Total,14360.0,86.0,2021A0011M1P - Total one-parent families - Counts - Total,2690.0,83.0,10.0,2021A0011M1P - Median after-tax income in 2020 among recipients ($) - Counts - Total,31200.0,15.0,10.0,2021A0011M1P - Bachelor's degree or higher - Counts - Total,11585.0,66.0,10,2021A0011M1P - Non-movers - Counts - Total,39075.0,86,86,54.0
54,M6C,2021A0011M6C - Children - Counts - Total,6840.0,42.0,2021A0011M6C - Total one-parent families - Counts - Total,1070.0,35.0,69.0,2021A0011M6C - Median after-tax income in 2020 among recipients ($) - Counts - Total,40800.0,64.0,69.0,2021A0011M6C - Bachelor's degree or higher - Counts - Total,10060.0,54.0,73,2021A0011M6C - Non-movers - Counts - Total,21450.0,44,44,53.74999999999999
71,M4N,2021A0011M4N - Children - Counts - Total,4765.0,25.0,2021A0011M4N - Total one-parent families - Counts - Total,485.0,12.0,44.0,2021A0011M4N - Median after-tax income in 2020 among recipients ($) - Counts - Total,54400.0,93.0,44.0,2021A0011M4N - Bachelor's degree or higher - Counts - Total,8035.0,40.0,44,2021A0011M4N - Non-movers - Counts - Total,13200.0,19,19,52.8
6,M1K,2021A0011M1K - Children - Counts - Total,16450.0,90.0,2021A0011M1K - Total one-parent families - Counts - Total,3510.0,91.0,6.0,2021A0011M1K - Median after-tax income in 2020 among recipients ($) - Counts - Total,31000.0,13.0,6.0,2021A0011M1K - Bachelor's degree or higher - Counts - Total,10665.0,59.0,6,2021A0011M1K - Non-movers - Counts - Total,43200.0,90,90,52.25
82,M4W,2021A0011M4W - Children - Counts - Total,2950.0,14.0,2021A0011M4W - Total one-parent families - Counts - Total,450.0,11.0,50.0,2021A0011M4W - Median after-tax income in 2020 among recipients ($) - Counts - Total,52000.0,87.0,50.0,2021A0011M4W - Bachelor's degree or higher - Counts - Total,9360.0,46.0,50,2021A0011M4W - Non-movers - Counts - Total,12025.0,17,17,50.900000000000006
70,M6R,2021A0011M6R - Children - Counts - Total,4960.0,26.0,2021A0011M6R - Total one-parent families - Counts - Total,665.0,20.0,79.0,2021A0011M6R - Median after-tax income in 2020 among recipients ($) - Counts - Total,46400.0,79.0,79.0,2021A0011M6R - Bachelor's degree or higher - Counts - Total,9135.0,45.0,83,2021A0011M6R - Non-movers - Counts - Total,16365.0,25,25,50.8
25,M6E,2021A0011M6E - Children - Counts - Total,11020.0,71.0,2021A0011M6E - Total one-parent families - Counts - Total,2390.0,78.0,70.0,2021A0011M6E - Median after-tax income in 2020 among recipients ($) - Counts - Total,34000.0,39.0,70.0,2021A0011M6E - Bachelor's degree or higher - Counts - Total,8710.0,44.0,74,2021A0011M6E - Non-movers - Counts - Total,32910.0,71,71,50.699999999999996
41,M2M,2021A0011M2M - Children - Counts - Total,8375.0,55.0,2021A0011M2M - Total one-parent families - Counts - Total,1610.0,55.0,21.0,2021A0011M2M - Median after-tax income in 2020 among recipients ($) - Counts - Total,31600.0,19.0,21.0,2021A0011M2M - Bachelor's degree or higher - Counts - Total,13715.0,78.0,21,2021A0011M2M - Non-movers - Counts - Total,26690.0,56,56,50.55
11,M9W,2021A0011M9W - Children - Counts - Total,13995.0,85.0,2021A0011M9W - Total one-parent families - Counts - Total,2915.0,86.0,95.0,2021A0011M9W - Median after-tax income in 2020 among recipients ($) - Counts - Total,32400.0,31.0,95.0,2021A0011M9W - Bachelor's degree or higher - Counts - Total,8315.0,41.0,102,2021A0011M9W - Non-movers - Counts - Total,37165.0,82,82,50.45
64,M8Y,2021A0011M8Y - Children - Counts - Total,5870.0,32.0,2021A0011M8Y - Total one-parent families - Counts - Total,1000.0,30.0,84.0,2021A0011M8Y - Median after-tax income in 2020 among recipients ($) - Counts - Total,42800.0,71.0,84.0,2021A0011M8Y - Bachelor's degree or higher - Counts - Total,8435.0,42.0,91,2021A0011M8Y - Non-movers - Counts - Total,19250.0,34,34,49.24999999999999
18,M1L,2021A0011M1L - Children - Counts - Total,12145.0,78.0,2021A0011M1L - Total one-parent families - Counts - Total,2035.0,70.0,7.0,2021A0011M1L - Median after-tax income in 2020 among recipients ($) - Counts - Total,32000.0,28.0,7.0,2021A0011M1L - Bachelor's degree or higher - Counts - Total,9660.0,50.0,7,2021A0011M1L - Non-movers - Counts - Total,31350.0,67,67,49.2
5,M1V,2021A0011M1V - Children - Counts - Total,16525.0,91.0,2021A0011M1V - Total one-parent families - Counts - Total,3015.0,88.0,14.0,2021A0011M1V - Median after-tax income in 2020 among recipients ($) - Counts - Total,27400.0,2.0,14.0,2021A0011M1V - Bachelor's degree or higher - Counts - Total,10700.0,60.0,14,2021A0011M1V - Non-movers - Counts - Total,45655.0,91,91,48.85
93,M5E,2021A0011M5E - Children - Counts - Total,1145.0,3.0,2021A0011M5E - Total one-parent families - Counts - Total,230.0,3.0,56.0,2021A0011M5E - Median after-tax income in 2020 among recipients ($) - Counts - Total,56800.0,96.0,56.0,2021A0011M5E - Bachelor's degree or higher - Counts - Total,8005.0,39.0,56,2021A0011M5E - Non-movers - Counts - Total,7975.0,7,7,48.55
1,M9V,2021A0011M9V - Children - Counts - Total,20320.0,95.0,2021A0011M9V - Total one-parent families - Counts - Total,3925.0,94.0,94.0,2021A0011M9V - Median after-tax income in 2020 among recipients ($) - Counts - Total,29400.0,6.0,94.0,2021A0011M9V - Bachelor's degree or higher - Counts - Total,9715.0,52.0,101,2021A0011M9V - Non-movers - Counts - Total,48560.0,92,92,48.45
20,M9R,2021A0011M9R - Children - Counts - Total,11970.0,76.0,2021A0011M9R - Total one-parent families - Counts - Total,2390.0,78.0,93.0,2021A0011M9R - Median after-tax income in 2020 among recipients ($) - Counts - Total,33600.0,37.0,93.0,2021A0011M9R - Bachelor's degree or higher - Counts - Total,7610.0,37.0,100,2021A0011M9R - Non-movers - Counts - Total,30900.0,65,65,47.7
36,M6B,2021A0011M6B - Children - Counts - Total,9135.0,60.0,2021A0011M6B - Total one-parent families - Counts - Total,1525.0,52.0,68.0,2021A0011M6B - Median after-tax income in 2020 among recipients ($) - Counts - Total,35200.0,43.0,68.0,2021A0011M6B - Bachelor's degree or higher - Counts - Total,8685.0,43.0,72,2021A0011M6B - Non-movers - Counts - Total,25280.0,54,54,47.099999999999994
14,M6N,2021A0011M6N - Children - Counts - Total,12750.0,82.0,2021A0011M6N - Total one-parent families - Counts - Total,2905.0,84.0,77.0,2021A0011M6N - Median after-tax income in 2020 among recipients ($) - Counts - Total,32000.0,28.0,77.0,2021A0011M6N - Bachelor's degree or higher - Counts - Total,7190.0,34.0,81,2021A0011M6N - Non-movers - Counts - Total,36510.0,79,79,46.099999999999994
69,M5N,2021A0011M5N - Children - Counts - Total,5350.0,27.0,2021A0011M5N - Total one-parent families - Counts - Total,595.0,16.0,61.0,2021A0011M5N - Median after-tax income in 2020 among recipients ($) - Counts - Total,44400.0,74.0,61.0,2021A0011M5N - Bachelor's degree or higher - Counts - Total,7380.0,36.0,63,2021A0011M5N - Non-movers - Counts - Total,14285.0,22,22,45.550000000000004
68,M8Z,2021A0011M8Z - Children - Counts - Total,5385.0,28.0,2021A0011M8Z - Total one-parent families - Counts - Total,820.0,28.0,85.0,2021A0011M8Z - Median after-tax income in 2020 among recipients ($) - Counts - Total,45200.0,77.0,85.0,2021A0011M8Z - Bachelor's degree or higher - Counts - Total,6870.0,30.0,92,2021A0011M8Z - Non-movers - Counts - Total,16305.0,24,24,45.449999999999996
83,M8X,2021A0011M8X - Children - Counts - Total,2880.0,13.0,2021A0011M8X - Total one-parent families - Counts - Total,355.0,7.0,83.0,2021A0011M8X - Median after-tax income in 2020 among recipients ($) - Counts - Total,56800.0,96.0,83.0,2021A0011M8X - Bachelor's degree or higher - Counts - Total,5475.0,18.0,90,2021A0011M8X - Non-movers - Counts - Total,9360.0,9,9,43.09999999999999
24,M1S,2021A0011M1S - Children - Counts - Total,11025.0,72.0,2021A0011M1S - Total one-parent families - Counts - Total,2075.0,71.0,12.0,2021A0011M1S - Median after-tax income in 2020 among recipients ($) - Counts - Total,29400.0,6.0,12.0,2021A0011M1S - Bachelor's degree or higher - Counts - Total,10320.0,55.0,12,2021A0011M1S - Non-movers - Counts - Total,33030.0,73,73,43.0
12,M1J,2021A0011M1J - Children - Counts - Total,13905.0,84.0,2021A0011M1J - Total one-parent families - Counts - Total,2935.0,87.0,5.0,2021A0011M1J - Median after-tax income in 2020 among recipients ($) - Counts - Total,31200.0,15.0,5.0,2021A0011M1J - Bachelor's degree or higher - Counts - Total,7690.0,38.0,5,2021A0011M1J - Non-movers - Counts - Total,33880.0,75,75,43.0
59,M8W,2021A0011M8W - Children - Counts - Total,6310.0,37.0,2021A0011M8W - Total one-parent families - Counts - Total,1210.0,40.0,82.0,2021A0011M8W - Median after-tax income in 2020 among recipients ($) - Counts - Total,40800.0,64.0,82.0,2021A0011M8W - Bachelor's degree or higher - Counts - Total,6660.0,26.0,89,2021A0011M8W - Non-movers - Counts - Total,19805.0,36,36,42.65
88,M4T,2021A0011M4T - Children - Counts - Total,2370.0,9.0,2021A0011M4T - Total one-parent families - Counts - Total,315.0,4.0,48.0,2021A0011M4T - Median after-tax income in 2020 among recipients ($) - Counts - Total,56400.0,94.0,48.0,2021A0011M4T - Bachelor's degree or higher - Counts - Total,5880.0,20.0,48,2021A0011M4T - Non-movers - Counts - Total,8905.0,8,8,42.24999999999999
57,M1N,2021A0011M1N - Children - Counts - Total,6680.0,39.0,2021A0011M1N - Total one-parent families - Counts - Total,1220.0,41.0,9.0,2021A0011M1N - Median after-tax income in 2020 among recipients ($) - Counts - Total,39200.0,58.0,9.0,2021A0011M1N - Bachelor's degree or higher - Counts - Total,6805.0,29.0,9,2021A0011M1N - Non-movers - Counts - Total,20090.0,39,39,42.24999999999999
81,M4R,2021A0011M4R - Children - Counts - Total,3365.0,15.0,2021A0011M4R - Total one-parent families - Counts - Total,410.0,9.0,46.0,2021A0011M4R - Median after-tax income in 2020 among recipients ($) - Counts - Total,49600.0,84.0,46.0,2021A0011M4R - Bachelor's degree or higher - Counts - Total,6335.0,24.0,46,2021A0011M4R - Non-movers - Counts - Total,10215.0,11,11,41.6
26,M1T,2021A0011M1T - Children - Counts - Total,10835.0,70.0,2021A0011M1T - Total one-parent families - Counts - Total,2230.0,75.0,13.0,2021A0011M1T - Median after-tax income in 2020 among recipients ($) - Counts - Total,29800.0,10.0,13.0,2021A0011M1T - Bachelor's degree or higher - Counts - Total,9635.0,49.0,13,2021A0011M1T - Non-movers - Counts - Total,30605.0,63,63,41.2
9,M6M,2021A0011M6M - Children - Counts - Total,14670.0,87.0,2021A0011M6M - Total one-parent families - Counts - Total,3840.0,93.0,76.0,2021A0011M6M - Median after-tax income in 2020 among recipients ($) - Counts - Total,31800.0,22.0,76.0,2021A0011M6M - Bachelor's degree or higher - Counts - Total,5825.0,19.0,80,2021A0011M6M - Non-movers - Counts - Total,38100.0,85,85,40.55
30,M1R,2021A0011M1R - Children - Counts - Total,10170.0,66.0,2021A0011M1R - Total one-parent families - Counts - Total,1890.0,64.0,11.0,2021A0011M1R - Median after-tax income in 2020 among recipients ($) - Counts - Total,32000.0,28.0,11.0,2021A0011M1R - Bachelor's degree or higher - Counts - Total,7100.0,32.0,11,2021A0011M1R - Non-movers - Counts - Total,27500.0,59,59,39.99999999999999
53,M2H,2021A0011M2H - Children - Counts - Total,6950.0,43.0,2021A0011M2H - Total one-parent families - Counts - Total,1385.0,46.0,17.0,2021A0011M2H - Median after-tax income in 2020 among recipients ($) - Counts - Total,32000.0,28.0,17.0,2021A0011M2H - Bachelor's degree or higher - Counts - Total,9520.0,48.0,17,2021A0011M2H - Non-movers - Counts - Total,20890.0,43,43,39.64999999999999
77,M3B,2021A0011M3B - Children - Counts - Total,4095.0,19.0,2021A0011M3B - Total one-parent families - Counts - Total,520.0,13.0,26.0,2021A0011M3B - Median after-tax income in 2020 among recipients ($) - Counts - Total,44800.0,75.0,26.0,2021A0011M3B - Bachelor's degree or higher - Counts - Total,6135.0,21.0,26,2021A0011M3B - Non-movers - Counts - Total,11485.0,16,16,38.7
89,M5S,2021A0011M5S - Children - Counts - Total,1985.0,7.0,2021A0011M5S - Total one-parent families - Counts - Total,445.0,10.0,64.0,2021A0011M5S - Median after-tax income in 2020 among recipients ($) - Counts - Total,38400.0,51.0,64.0,2021A0011M5S - Bachelor's degree or higher - Counts - Total,9500.0,47.0,66,2021A0011M5S - Non-movers - Counts - Total,10640.0,13,13,37.14999999999999
45,M1M,2021A0011M1M - Children - Counts - Total,7710.0,51.0,2021A0011M1M - Total one-parent families - Counts - Total,1285.0,42.0,8.0,2021A0011M1M - Median after-tax income in 2020 among recipients ($) - Counts - Total,34000.0,39.0,8.0,2021A0011M1M - Bachelor's degree or higher - Counts - Total,6700.0,27.0,8,2021A0011M1M - Non-movers - Counts - Total,20765.0,42,42,37.05
90,M5B,2021A0011M5B - Children - Counts - Total,1845.0,6.0,2021A0011M5B - Total one-parent families - Counts - Total,540.0,15.0,54.0,2021A0011M5B - Median after-tax income in 2020 among recipients ($) - Counts - Total,35200.0,43.0,54.0,2021A0011M5B - Bachelor's degree or higher - Counts - Total,9925.0,53.0,54,2021A0011M5B - Non-movers - Counts - Total,11185.0,15,15,36.75
49,M6A,2021A0011M6A - Children - Counts - Total,7430.0,47.0,2021A0011M6A - Total one-parent families - Counts - Total,1710.0,59.0,67.0,2021A0011M6A - Median after-tax income in 2020 among recipients ($) - Counts - Total,33600.0,37.0,67.0,2021A0011M6A - Bachelor's degree or higher - Counts - Total,6430.0,25.0,71,2021A0011M6A - Non-movers - Counts - Total,19415.0,35,35,35.2
55,M9P,2021A0011M9P - Children - Counts - Total,6760.0,41.0,2021A0011M9P - Total one-parent families - Counts - Total,1460.0,49.0,92.0,2021A0011M9P - Median after-tax income in 2020 among recipients ($) - Counts - Total,37600.0,49.0,92.0,2021A0011M9P - Bachelor's degree or higher - Counts - Total,5210.0,16.0,99,2021A0011M9P - Non-movers - Counts - Total,18400.0,32,32,34.550000000000004
79,M2L,2021A0011M2L - Children - Counts - Total,3855.0,17.0,2021A0011M2L - Total one-parent families - Counts - Total,615.0,17.0,20.0,2021A0011M2L - Median after-tax income in 2020 among recipients ($) - Counts - Total,41600.0,67.0,20.0,2021A0011M2L - Bachelor's degree or higher - Counts - Total,5250.0,17.0,20,2021A0011M2L - Non-movers - Counts - Total,10050.0,10,10,33.8
40,M9N,2021A0011M9N - Children - Counts - Total,8515.0,56.0,2021A0011M9N - Total one-parent families - Counts - Total,2120.0,73.0,91.0,2021A0011M9N - Median after-tax income in 2020 among recipients ($) - Counts - Total,33200.0,35.0,91.0,2021A0011M9N - Bachelor's degree or higher - Counts - Total,4015.0,12.0,98,2021A0011M9N - Non-movers - Counts - Total,23870.0,51,51,33.6
48,M1H,2021A0011M1H - Children - Counts - Total,7600.0,48.0,2021A0011M1H - Total one-parent families - Counts - Total,1440.0,48.0,4.0,2021A0011M1H - Median after-tax income in 2020 among recipients ($) - Counts - Total,31800.0,22.0,4.0,2021A0011M1H - Bachelor's degree or higher - Counts - Total,6895.0,31.0,4,2021A0011M1H - Non-movers - Counts - Total,20625.0,41,41,32.25
95,M5H,2021A0011M5H - Children - Counts - Total,280.0,1.0,2021A0011M5H - Total one-parent families - Counts - Total,45.0,1.0,58.0,2021A0011M5H - Median after-tax income in 2020 among recipients ($) - Counts - Total,52000.0,87.0,58.0,2021A0011M5H - Bachelor's degree or higher - Counts - Total,2270.0,4.0,58,2021A0011M5H - Non-movers - Counts - Total,1775.0,2,2,32.25
87,M2P,2021A0011M2P - Children - Counts - Total,2370.0,9.0,2021A0011M2P - Total one-parent families - Counts - Total,335.0,6.0,23.0,2021A0011M2P - Median after-tax income in 2020 among recipients ($) - Counts - Total,44400.0,74.0,23.0,2021A0011M2P - Bachelor's degree or higher - Counts - Total,3810.0,9.0,23,2021A0011M2P - Non-movers - Counts - Total,6670.0,6,6,31.299999999999997
23,M1G,2021A0011M1G - Children - Counts - Total,11120.0,73.0,2021A0011M1G - Total one-parent families - Counts - Total,1955.0,65.0,3.0,2021A0011M1G - Median after-tax income in 2020 among recipients ($) - Counts - Total,29200.0,4.0,3.0,2021A0011M1G - Bachelor's degree or higher - Counts - Total,6770.0,28.0,3,2021A0011M1G - Non-movers - Counts - Total,27215.0,57,57,31.099999999999998
37,M9M,2021A0011M9M - Children - Counts - Total,8985.0,59.0,2021A0011M9M - Total one-parent families - Counts - Total,1990.0,67.0,90.0,2021A0011M9M - Median after-tax income in 2020 among recipients ($) - Counts - Total,32000.0,28.0,90.0,2021A0011M9M - Bachelor's degree or higher - Counts - Total,4210.0,13.0,97,2021A0011M9M - Non-movers - Counts - Total,22125.0,45,45,31.05
42,M3M,2021A0011M3M - Children - Counts - Total,8345.0,54.0,2021A0011M3M - Total one-parent families - Counts - Total,2035.0,70.0,32.0,2021A0011M3M - Median after-tax income in 2020 among recipients ($) - Counts - Total,32400.0,31.0,32.0,2021A0011M3M - Bachelor's degree or higher - Counts - Total,3975.0,11.0,32,2021A0011M3M - Non-movers - Counts - Total,22865.0,47,47,30.999999999999996
7,M3N,2021A0011M3N - Children - Counts - Total,16410.0,89.0,2021A0011M3N - Total one-parent families - Counts - Total,4520.0,95.0,33.0,2021A0011M3N - Median after-tax income in 2020 among recipients ($) - Counts - Total,28400.0,3.0,33.0,2021A0011M3N - Bachelor's degree or higher - Counts - Total,3855.0,10.0,33,2021A0011M3N - Non-movers - Counts - Total,37410.0,83,83,30.950000000000003
94,M5C,2021A0011M5C - Children - Counts - Total,355.0,2.0,2021A0011M5C - Total one-parent families - Counts - Total,95.0,2.0,55.0,2021A0011M5C - Median after-tax income in 2020 among recipients ($) - Counts - Total,51600.0,85.0,55.0,2021A0011M5C - Bachelor's degree or higher - Counts - Total,1770.0,1.0,55,2021A0011M5C - Non-movers - Counts - Total,2310.0,3,3,30.799999999999997
92,M5G,2021A0011M5G - Children - Counts - Total,1315.0,4.0,2021A0011M5G - Total one-parent families - Counts - Total,325.0,5.0,57.0,2021A0011M5G - Median after-tax income in 2020 among recipients ($) - Counts - Total,40000.0,60.0,57.0,2021A0011M5G - Bachelor's degree or higher - Counts - Total,6220.0,22.0,57,2021A0011M5G - Non-movers - Counts - Total,5950.0,4,4,29.95
65,M4B,2021A0011M4B - Children - Counts - Total,5795.0,31.0,2021A0011M4B - Total one-parent families - Counts - Total,1185.0,38.0,35.0,2021A0011M4B - Median after-tax income in 2020 among recipients ($) - Counts - Total,35200.0,43.0,35.0,2021A0011M4B - Bachelor's degree or higher - Counts - Total,4395.0,15.0,35,2021A0011M4B - Non-movers - Counts - Total,16455.0,26,26,29.45
44,M3J,2021A0011M3J - Children - Counts - Total,7940.0,52.0,2021A0011M3J - Total one-parent families - Counts - Total,1890.0,64.0,29.0,2021A0011M3J - Median after-tax income in 2020 among recipients ($) - Counts - Total,30600.0,12.0,29.0,2021A0011M3J - Bachelor's degree or higher - Counts - Total,6315.0,23.0,29,2021A0011M3J - Non-movers - Counts - Total,22935.0,48,48,28.05
73,M4X,2021A0011M4X - Children - Counts - Total,4585.0,23.0,2021A0011M4X - Total one-parent families - Counts - Total,1035.0,32.0,51.0,2021A0011M4X - Median after-tax income in 2020 among recipients ($) - Counts - Total,31600.0,19.0,51.0,2021A0011M4X - Bachelor's degree or higher - Counts - Total,7175.0,33.0,51,2021A0011M4X - Non-movers - Counts - Total,16960.0,28,28,26.05
52,M6L,2021A0011M6L - Children - Counts - Total,7100.0,44.0,2021A0011M6L - Total one-parent families - Counts - Total,1705.0,57.0,75.0,2021A0011M6L - Median after-tax income in 2020 among recipients ($) - Counts - Total,31800.0,22.0,75.0,2021A0011M6L - Bachelor's degree or higher - Counts - Total,3120.0,6.0,79,2021A0011M6L - Non-movers - Counts - Total,18400.0,32,32,22.45
85,M5T,2021A0011M5T - Children - Counts - Total,2780.0,11.0,2021A0011M5T - Total one-parent families - Counts - Total,800.0,27.0,65.0,2021A0011M5T - Median after-tax income in 2020 among recipients ($) - Counts - Total,29800.0,10.0,65.0,2021A0011M5T - Bachelor's degree or higher - Counts - Total,7275.0,35.0,67,2021A0011M5T - Non-movers - Counts - Total,13730.0,20,20,20.75
61,M1X,2021A0011M1X - Children - Counts - Total,5985.0,35.0,2021A0011M1X - Total one-parent families - Counts - Total,650.0,19.0,16.0,2021A0011M1X - Median after-tax income in 2020 among recipients ($) - Counts - Total,32000.0,28.0,16.0,2021A0011M1X - Bachelor's degree or higher - Counts - Total,3145.0,7.0,16,2021A0011M1X - Non-movers - Counts - Total,13930.0,21,21,20.55
74,M4A,2021A0011M4A - Children - Counts - Total,4535.0,22.0,2021A0011M4A - Total one-parent families - Counts - Total,1040.0,33.0,34.0,2021A0011M4A - Median after-tax income in 2020 among recipients ($) - Counts - Total,32400.0,31.0,34.0,2021A0011M4A - Bachelor's degree or higher - Counts - Total,3545.0,8.0,34,2021A0011M4A - Non-movers - Counts - Total,12875.0,18,18,20.400000000000002
86,M3K,2021A0011M3K - Children - Counts - Total,2490.0,10.0,2021A0011M3K - Total one-parent families - Counts - Total,540.0,15.0,30.0,2021A0011M3K - Median after-tax income in 2020 among recipients ($) - Counts - Total,35600.0,44.0,30.0,2021A0011M3K - Bachelor's degree or higher - Counts - Total,1965.0,3.0,30,2021A0011M3K - Non-movers - Counts - Total,6595.0,5,5,19.2
50,M3L,2021A0011M3L - Children - Counts - Total,7175.0,46.0,2021A0011M3L - Total one-parent families - Counts - Total,1760.0,60.0,31.0,2021A0011M3L - Median after-tax income in 2020 among recipients ($) - Counts - Total,30600.0,12.0,31.0,2021A0011M3L - Bachelor's degree or higher - Counts - Total,2380.0,5.0,31,2021A0011M3L - Non-movers - Counts - Total,17730.0,31,31,18.95
46,M4H,2021A0011M4H - Children - Counts - Total,7705.0,50.0,2021A0011M4H - Total one-parent families - Counts - Total,740.0,24.0,39.0,2021A0011M4H - Median after-tax income in 2020 among recipients ($) - Counts - Total,27000.0,1.0,39.0,2021A0011M4H - Bachelor's degree or higher - Counts - Total,4280.0,14.0,39,2021A0011M4H - Non-movers - Counts - Total,16785.0,27,27,16.65
76,M9L,2021A0011M9L - Children - Counts - Total,4235.0,20.0,2021A0011M9L - Total one-parent families - Counts - Total,780.0,26.0,89.0,2021A0011M9L - Median after-tax income in 2020 among recipients ($) - Counts - Total,29600.0,8.0,89.0,2021A0011M9L - Bachelor's degree or higher - Counts - Total,1960.0,2.0,96,2021A0011M9L - Non-movers - Counts - Total,10520.0,12,12,9.0
96,M5X,,,,,,,,,,,,,,,70,2021A0011M5V - Non-movers - Counts - Total,37820.0,84,84,
97,M5W,,,,,,,,,,,,,,,69,2021A0011M5V - Non-movers - Counts - Total,37820.0,84,84,
98,M5L,,,,,,,,,,,,,,,61,2021A0011M5J - Non-movers - Counts - Total,11065.0,14,14,
99,M5K,,,,,,,,,,,,,,,60,2021A0011M5J - Non-movers - Counts - Total,11065.0,14,14,
100,M7R,,,,,,,,,,,,,,,86,2021A0011M7A - Non-movers - Counts - Total,0.0,1,1,
101,M7Y,,,,,,,,,,,,,,,87,2021A0011M7A - Non-movers - Counts - Total,0.0,1,1,
102,M7A,,,,,,,,,,,,,,,85,2021A0011M7A - Non-movers - Counts - Total,0.0,1,1,
